의료기관명,요양종별,내과,신경과,정신건강의학과,외과,정형외과,신경외과,심장혈관흉부외과,성형외과,마취통증의학과,산부인과,소아청소년과,안과,이비인후과,피부과,비뇨의학과,영상의학과,방사선종양학과,병리과,진단검사의학과,결핵과,재활의학과,핵의학과,가정의학과,응급의학과,직업환경의학과,예방의학과,구강악안면외과,치과보철과,치과교정과,소아치과,치주과,치과보존과,구강내과,영상치의학과,구강병리과,예방치과,통합치의학과,한방내과,한방부인과,한방소아과,한방안이비인후피부과,한방신경정신과,침구과,한방재활의학과,사상체질과
서울대학교병원,상급종합병원,183,37,39,70,34,34,26,12,46,28,83,34,18,12,12,82,10,19,14,0,15,7,21,29,0,4,0,0,0,0,0,0,1,0,0,0,0,0,0,0,0,0,0,0,0
서울적십자병원,종합병원,9,1,1,3,5,0,1,0,2,2,2,1,1,1,1,2,0,1,1,0,0,0,2,1,0,0,0,0,0,0,0,0,0,0,0,0,0,0,0,0,0,0,0,0,0
서울특별시 동부병원,종합병원,7,2,1,1,1,0,0,0,1,1,1,1,1,0,2,2,0,0,1,0,0,0,6,5,0,0,0,0,0,0,0,0,0,0,0,0,0,0,0,0,0,0,0,0,0
경찰병원,종합병원,14,2,2,4,6,3,1,2,5,2,2,2,4,1,3,1,0,0,1,0,2,1,4,1,0,0,0,1,0,0,2,0,0,0,0,0,0,0,0,0,0,0,0,0,0
한국보훈복지의료공단 중앙보훈병원,종합병원,48,8,5,6,9,4,4,1,7,2,2,6,5,3,7,8,2,2,3,0,8,2,7,12,0,0,3,10,0,0,5,5,1,0,0,0,2,0,0,0,0,0,0,1,0
서울특별시보라매병원,종합병원,67,10,7,14,18,7,5,3,10,7,7,8,9,3,6,23,3,6,5,0,4,2,7,9,1,1,2,1,1,0,1,1,0,0,0,0,0,0,0,0,0,0,0,0,0
한국원자력의학원원자력병원,종합병원,25,3,1,16,5,2,3,0,6,6,3,1,4,1,3,11,5,5,4,0,0,6,3,0,0,1,0,0,0,0,0,0,0,0,0,0,1,0,0,0,0,0,0,0,0
국립중앙의료원,종합병원,26,7,4,13,6,1,3,2,6,4,3,4,4,3,4,4,1,2,2,0,1,1,2,19,1,6,1,0,0,0,0,1,0,0,0,0,3,1,0,0,0,2,2,0,0
서울특별시서울의료원,종합병원,39,6,4,11,7,5,2,0,6,8,9,2,2,2,4,11,1,3,2,0,3,1,6,11,2,0,1,2,0,0,0,0,0,0,0,0,1,0,0,0,0,0,0,0,0
서울특별시서남병원,종합병원,12,2,0,2,4,0,1,0,2,1,2,0,1,0,1,3,0,1,1,0,2,0,5,11,0,0,0,0,0,0,1,0,0,0,0,0,0,0,0,0,0,0,0,0,0
서울특별시서북병원,병원,4,3,0,2,1,0,2,0,0,0,0,0,0,0,0,0,0,0,2,3,1,0,4,0,0,0,0,0,0,0,0,0,0,0,0,0,1,0,0,0,0,0,0,0,0
서울특별시어린이병원,병원,0,0,1,0,0,0,0,0,0,0,9,0,0,0,0,0,0,0,0,0,3,0,0,0,0,0,0,0,0,0,0,0,0,0,0,0,1,0,0,0,0,0,0,0,0
서울지구병원,병원,7,1,0,2,4,1,0,0,1,0,0,1,2,1,1,1,0,0,0,0,1,0,1,6,0,0,1,1,0,0,1,1,0,0,0,0,0,0,0,0,0,0,0,0,0
국립재활원,병원,2,0,0,0,0,0,0,0,0,1,0,0,0,0,0,0,0,0,0,0,10,0,0,0,0,0,0,0,0,0,1,0,0,0,0,0,0,1,0,0,0,1,1,0,0
서울특별시 북부병원,병원,4,2,0,0,0,1,0,0,0,0,0,0,0,0,0,0,0,0,0,0,2,0,1,0,0,0,0,0,0,0,0,0,0,0,0,0,0,0,0,0,0,0,0,0,0
한국보훈복지의료공단 서울요양병원,요양병원,2,0,0,2,0,0,0,0,0,0,0,0,1,0,0,0,0,0,0,0,0,0,4,1,0,0,0,0,0,0,0,0,0,0,0,0,0,0,0,0,0,0,0,0,0
푸르메재단 넥슨어린이재활병원,요양병원,0,0,1,0,0,0,0,0,0,0,1,0,0,0,0,0,0,0,0,0,5,0,0,0,0,0,0,0,0,0,0,0,0,0,0,0,0,0,0,0,0,0,0,0,0
강남구립행복요양병원,요양병원,0,3,0,0,0,0,0,0,0,0,0,0,0,0,0,0,0,0,0,0,3,0,2,0,0,0,0,0,0,0,0,0,0,0,0,0,0,0,0,0,0,1,0,0,0
서울특별시은평병원,정신병원,1,2,8,0,0,0,0,0,0,0,0,0,0,0,0,0,0,0,0,0,0,0,2,0,0,0,0,0,0,0,0,0,0,0,0,0,1,0,0,0,0,0,0,0,0
국립정신건강센터,정신병원,1,0,17,0,0,0,0,0,0,0,0,0,0,0,0,1,0,0,1,0,0,0,0,0,0,1,0,0,0,0,0,0,0,0,0,0,0,0,0,0,0,0,0,0,0
서울대학교치과병원,치과병원,0,0,0,0,0,0,0,0,8,0,0,0,0,0,0,0,0,0,0,0,0,0,0,0,0,0,15,14,7,8,13,14,7,5,4,2,1,0,0,0,0,0,0,0,0
서울특별시장애인치과병원,치과병원,0,0,0,0,0,0,0,0,1,0,0,0,0,0,0,0,0,0,0,0,0,0,0,0,0,0,0,0,0,2,1,1,0,1,0,0,1,0,0,0,0,0,0,0,0
관악서울대학교치과병원,치과병원,0,0,0,0,0,0,0,0,0,0,0,0,0,0,0,0,0,0,0,0,0,0,0,0,0,0,1,2,1,0,2,2,1,0,0,0,0,0,0,0,0,0,0,0,0
성동재활의원,의원,0,0,0,0,0,0,0,0,0,0,0,0,0,0,0,0,0,0,0,0,1,0,0,0,0,0,0,0,0,0,0,0,0,0,0,0,0,0,0,0,0,0,0,0,0
근로복지공단 서울의원,의원,0,0,0,0,0,0,0,0,0,0,0,0,0,0,0,0,0,0,0,0,1,0,0,0,1,0,0,0,0,0,0,0,0,0,0,0,0,0,0,0,0,0,0,0,0
부산대학교병원,상급종합병원,67,11,6,26,10,13,16,6,13,11,11,13,11,4,7,16,3,4,6,0,7,3,8,7,0,2,3,1,0,0,1,1,1,0,0,0,2,0,0,0,0,0,0,0,0
부산광역시의료원,종합병원,16,2,2,4,6,1,1,0,2,1,2,1,1,1,3,4,0,1,0,0,2,0,4,4,0,0,0,0,0,0,0,0,0,0,0,0,1,0,0,0,0,0,0,0,0
한국보훈복지의료공단 부산보훈병원,종합병원,15,2,2,2,3,3,0,0,2,2,2,3,2,2,5,3,0,1,1,0,2,0,5,0,0,0,0,0,0,0,1,0,0,0,0,0,5,0,0,0,0,0,0,0,0
동남권원자력의학원원자력병원,종합병원,14,0,1,9,1,4,1,0,4,1,2,0,3,0,2,4,3,2,2,0,1,2,4,0,0,0,0,0,0,0,0,0,0,0,0,0,0,0,0,0,0,0,0,0,0
부산시립정신병원,정신병원,0,0,4,0,0,0,0,0,0,0,0,0,0,0,0,0,0,0,0,0,0,0,0,0,0,0,0,0,0,0,0,0,0,0,0,0,0,0,0,0,0,0,0,0,0
부산시노인전문제1병원,요양병원,0,0,0,0,0,0,0,0,0,2,0,0,0,0,0,0,0,0,0,0,0,0,0,0,0,0,0,0,0,0,0,0,0,0,0,0,0,0,0,0,0,0,0,0,0
부산노인전문제2병원,요양병원,0,0,0,0,0,0,0,0,0,0,0,0,0,0,0,0,0,0,0,0,0,0,3,0,0,0,0,0,0,0,0,0,0,0,0,0,0,0,0,0,0,0,0,0,0
부산노인전문제3병원,요양병원,0,1,0,0,1,0,0,0,0,0,0,0,0,0,0,0,0,0,0,0,1,0,1,0,0,0,0,0,0,0,0,0,0,0,0,0,0,0,0,0,0,0,0,0,0
부산노인전문제4병원,요양병원,2,1,0,0,0,0,0,0,0,0,1,0,0,0,0,0,0,0,0,0,0,0,0,0,0,0,0,0,0,0,0,0,0,0,0,0,0,0,0,0,0,0,0,0,0
한국보훈복지의료공단 부산요양병원,요양병원,0,0,0,0,0,0,1,0,1,1,0,0,0,0,0,0,0,0,0,0,0,0,1,0,0,0,0,0,0,0,0,0,0,0,0,0,0,0,0,0,0,0,0,0,0
근로복지공단 부산의원,의원,0,0,0,0,0,0,0,0,0,0,0,0,1,0,0,0,0,0,0,0,1,0,0,0,1,0,0,0,0,0,0,0,0,0,0,0,0,0,0,0,0,0,0,0,0
인천광역시의료원,종합병원,8,1,4,4,2,2,1,0,2,1,1,2,1,0,1,1,0,0,1,0,1,0,3,4,1,0,1,0,0,0,0,0,0,0,0,0,0,0,0,0,0,0,0,0,0
경기도의료원의정부병원,종합병원,3,1,4,1,1,0,0,0,0,1,0,0,0,0,1,1,0,0,1,0,0,0,3,3,0,0,0,0,0,0,0,0,1,0,0,0,0,1,0,0,0,0,0,0,0
경기도의료원포천병원,종합병원,3,1,0,1,1,0,0,0,2,2,1,0,1,0,1,1,0,0,1,0,0,0,1,6,0,0,0,0,0,0,0,0,0,0,0,0,1,0,0,0,0,0,0,0,0
경기도의료원파주병원,종합병원,3,1,0,2,2,0,0,0,2,1,1,0,0,0,0,2,0,0,1,0,1,0,2,5,2,0,0,0,0,0,0,0,0,0,0,0,1,0,0,0,0,0,0,0,0
경기도의료원 안성병원,종합병원,5,2,0,2,3,0,0,0,1,1,2,0,0,0,1,2,0,0,1,0,1,0,4,5,0,0,0,0,0,0,0,0,0,0,0,0,1,0,0,0,0,0,0,0,0
국민건강보험공단일산병원,종합병원,57,7,6,22,12,6,5,3,9,3,13,7,5,3,3,13,1,4,5,0,7,1,9,10,0,0,2,2,2,0,2,1,0,0,0,0,0,0,0,0,0,0,0,0,0
국립암센터,종합병원,53,4,2,31,3,5,5,0,8,10,3,1,4,2,5,17,7,10,4,0,2,3,10,1,0,1,4,0,0,0,0,0,0,0,0,0,0,0,0,0,0,0,0,0,0
국군수도병원,종합병원,15,1,5,15,8,7,3,4,12,2,1,4,5,2,1,2,0,1,3,0,4,1,0,5,0,1,0,0,0,0,0,0,0,0,0,0,0,0,0,0,0,0,0,0,0
분당서울대학교병원,상급종합병원,138,31,15,43,30,23,13,7,32,18,25,23,12,6,9,61,6,14,11,0,9,4,12,17,1,2,2,2,2,0,2,2,0,0,0,0,0,0,0,0,0,0,0,0,0
경기도의료원 수원병원,종합병원,6,1,1,2,2,0,0,0,2,1,1,0,0,0,0,2,0,0,1,0,1,0,2,6,1,0,1,0,0,0,0,0,0,0,0,0,1,0,0,0,0,0,0,0,0
근로복지공단안산병원,종합병원,6,2,1,2,4,3,1,0,1,1,1,0,1,0,1,2,0,0,1,0,3,0,0,3,6,0,0,0,0,0,0,0,0,0,0,0,2,0,0,0,0,0,0,0,0
경기도의료원 이천병원,종합병원,6,1,0,3,3,0,0,0,2,0,1,0,0,0,1,2,0,0,1,0,1,0,0,6,0,0,0,0,0,0,0,0,0,0,0,0,1,0,0,0,0,0,0,0,0
근로복지공단인천병원,종합병원,2,2,0,1,2,3,0,0,1,1,1,0,1,0,2,2,0,0,1,0,5,0,1,0,6,0,0,0,0,0,0,0,0,0,0,0,0,0,0,0,0,0,0,0,0
성남시의료원,종합병원,16,3,2,2,2,1,0,0,2,1,2,1,1,1,2,4,0,1,1,0,2,0,2,6,0,0,0,0,0,1,0,0,0,0,0,0,1,0,0,0,0,0,0,0,0
인천적십자병원,종합병원,4,1,0,1,2,1,0,0,1,1,0,0,0,0,1,1,0,0,1,0,0,0,1,5,0,0,0,0,0,0,0,0,0,0,0,0,0,0,0,0,0,0,0,0,0
국군포천병원,병원,2,0,2,1,5,2,0,0,0,0,0,1,1,1,1,1,0,0,0,0,0,0,0,3,0,0,1,1,1,0,1,1,0,0,0,0,0,0,0,0,0,0,0,0,0
국군양주병원,병원,4,0,3,3,5,1,0,0,3,0,0,0,2,0,0,0,0,0,0,0,3,0,0,4,0,0,3,2,1,0,2,3,1,0,0,0,0,0,0,0,0,0,0,0,0
국군고양병원,병원,2,0,2,0,2,0,0,0,0,0,0,1,0,0,0,1,0,0,0,0,1,0,0,4,0,0,2,2,0,0,0,1,0,0,0,0,0,0,0,0,0,0,0,0,0
서울특별시 백암정신병원,정신병원,0,0,4,0,0,0,0,0,0,0,0,0,0,0,0,0,0,0,0,0,0,0,0,0,0,0,0,0,0,0,0,0,0,0,0,0,0,0,0,0,0,0,0,0,0
인천광역시의료원백령병원,병원,0,0,0,0,1,0,0,0,2,1,0,0,0,0,0,0,0,0,0,0,0,0,0,0,1,0,0,0,0,0,0,0,0,0,0,0,0,0,0,0,0,0,0,0,0
서울특별시축령정신병원,정신병원,0,0,3,0,0,0,0,0,0,0,0,0,0,0,0,0,0,0,0,0,0,0,0,0,0,0,0,0,0,0,0,0,0,0,0,0,0,0,0,0,0,0,0,0,0
국립교통재활병원,병원,2,0,1,0,0,0,0,0,0,0,0,0,0,0,0,1,0,0,0,0,10,0,0,0,0,0,0,0,0,0,0,0,0,0,0,0,0,0,0,0,0,0,0,0,0
국군구리병원,병원,1,0,7,1,1,0,0,0,0,0,0,1,1,1,0,1,0,0,0,0,0,0,0,0,0,0,1,1,1,0,0,0,0,0,0,0,0,0,0,0,1,0,0,0,0
한국보훈복지의료공단 인천보훈병원,병원,4,1,0,0,1,1,0,0,1,0,0,1,2,1,1,1,0,0,1,0,1,0,2,0,0,0,0,0,0,0,0,0,0,0,0,0,2,0,0,0,0,0,0,0,0
경인권역재활병원,병원,0,0,0,0,0,0,0,0,0,0,0,0,0,0,0,0,0,0,0,0,3,0,0,0,0,0,0,0,0,0,0,0,0,0,0,0,0,0,0,0,0,0,0,0,0
인천광역시립노인치매요양병원,요양병원,0,1,0,0,0,0,1,0,0,0,1,0,0,0,0,0,0,0,0,0,0,0,1,0,0,0,0,0,0,0,0,0,0,0,0,0,0,0,0,0,0,0,0,0,0
경기도립노인전문동두천병원,요양병원,1,1,0,1,0,0,0,0,0,0,0,0,0,0,0,0,0,0,0,0,1,0,0,0,0,0,0,0,0,0,0,0,0,0,0,0,0,0,0,0,0,0,0,0,0
경기도립노인전문여주병원,요양병원,1,1,0,0,0,0,0,0,0,0,1,0,0,0,0,0,0,0,0,0,1,0,0,0,0,0,0,0,0,0,0,0,0,0,0,0,0,0,0,0,0,0,0,0,0
경기도립노인전문용인병원,요양병원,1,2,0,0,0,0,0,0,0,0,0,0,0,0,0,0,0,0,0,0,0,0,0,0,0,0,0,0,0,0,0,0,0,0,0,0,0,0,0,0,0,0,0,0,0
인천제2시립노인치매요양병원,요양병원,1,0,0,0,0,1,0,0,0,2,0,0,0,0,0,0,0,0,0,0,0,0,1,0,0,0,0,0,0,0,0,0,0,0,0,0,0,0,0,0,0,0,0,0,0
경기도립노인전문남양주병원,요양병원,1,1,1,1,0,0,0,0,0,0,0,0,0,0,0,0,0,0,0,0,1,0,1,0,0,0,0,0,0,0,0,0,0,0,0,0,0,0,0,0,0,0,1,0,0
경기도립노인전문시흥병원,요양병원,1,1,0,1,0,0,0,0,0,0,0,0,0,0,0,0,0,0,0,0,1,0,2,0,0,0,0,0,0,0,0,0,0,0,0,0,0,0,0,0,0,0,0,0,0
근로복지공단 경기요양병원,요양병원,0,1,0,0,0,0,0,0,0,0,0,0,0,0,0,0,0,0,0,0,1,0,1,0,0,0,0,0,0,0,0,0,0,0,0,0,0,0,0,0,0,0,0,0,0
경기도립노인전문 평택병원,요양병원,1,1,0,0,0,0,0,0,0,0,0,0,0,0,0,0,0,0,0,0,1,0,2,0,0,0,0,0,0,0,0,0,0,0,0,0,0,0,0,0,0,0,0,0,0
경기도립정신병원,정신병원,1,0,4,0,0,0,0,0,0,0,0,0,0,0,0,0,0,0,0,0,0,0,0,0,0,0,0,0,0,0,0,0,0,0,0,0,0,0,0,0,0,0,0,0,0
안산시립노인전문병원,요양병원,0,1,0,0,0,0,1,0,0,0,0,0,0,0,0,0,0,0,0,0,1,0,1,0,0,0,0,0,0,0,0,0,0,0,0,0,0,0,0,0,0,0,0,0,0
부천시립노인전문병원,요양병원,0,2,0,0,0,0,1,0,0,1,0,0,0,0,0,0,0,0,0,0,1,0,2,0,0,0,0,0,0,0,0,0,0,0,0,0,0,0,0,0,0,0,0,0,0
고양정신병원,정신병원,0,0,5,0,0,0,0,0,0,0,0,0,0,0,0,0,0,0,0,0,0,0,1,0,0,0,0,0,0,0,0,0,0,0,0,0,0,0,0,0,0,0,0,0,0
강원특별자치도삼척의료원,종합병원,3,1,0,2,2,0,2,0,2,3,0,0,1,0,0,2,0,0,1,0,1,0,1,2,0,0,0,0,0,0,0,0,0,0,0,0,0,0,0,0,0,0,0,0,0
강원특별자치도영월의료원,종합병원,2,1,0,1,2,1,1,1,1,2,2,0,0,0,1,1,0,0,1,0,1,0,0,3,0,0,0,0,1,0,0,0,0,0,0,0,0,0,0,0,0,0,0,0,0
강원특별자치도원주의료원,종합병원,8,2,1,3,2,1,0,0,2,2,3,0,1,1,0,2,0,0,1,0,1,0,0,6,0,0,0,0,0,0,0,0,0,0,0,0,0,0,0,0,0,0,0,0,0
강원특별자치도속초의료원,종합병원,3,0,1,1,2,1,0,0,1,1,2,0,0,0,0,1,0,0,1,0,1,0,0,4,0,0,0,0,0,0,0,0,0,0,0,0,0,0,0,0,0,0,0,0,0
강원특별자치도강릉의료원,종합병원,3,1,0,4,2,0,1,0,1,0,1,0,0,0,0,1,0,0,1,0,0,0,0,0,0,0,0,0,0,0,0,0,0,0,0,0,0,0,0,0,0,0,0,0,0
강원대학교병원,종합병원,40,5,6,8,3,7,3,4,7,6,17,4,6,3,3,7,3,3,3,0,3,0,7,6,0,3,1,0,0,0,0,0,0,0,0,0,0,0,0,0,0,0,0,0,0
근로복지공단 태백병원,종합병원,3,0,1,1,1,1,0,0,3,3,0,0,1,0,0,1,0,0,1,0,1,0,0,0,2,0,0,0,0,0,0,0,0,0,0,0,0,0,0,0,0,0,0,0,0
근로복지공단 동해병원,종합병원,3,0,0,1,2,1,0,0,3,1,0,0,1,0,0,1,0,1,0,0,1,0,1,0,3,0,0,0,0,0,0,0,0,0,0,0,0,0,0,0,0,0,0,0,0
국군춘천병원,병원,3,0,2,1,6,2,0,0,0,0,0,1,2,0,1,1,0,0,0,0,1,0,1,4,0,0,1,1,0,1,1,1,0,0,0,0,0,0,0,0,0,0,0,0,0
국군홍천병원,병원,4,0,1,1,4,4,0,0,0,1,0,1,3,2,1,2,0,0,0,0,0,0,1,4,0,0,1,2,0,0,1,1,0,0,0,0,0,0,0,0,0,0,0,0,0
국군강릉병원,병원,2,0,1,2,3,2,0,0,0,0,0,1,1,0,2,2,0,0,0,0,0,0,1,3,0,0,1,2,0,0,0,1,0,0,0,0,0,0,0,0,0,0,0,0,0
강원특별자치도재활병원,병원,1,0,0,0,0,0,0,0,0,0,0,0,0,0,0,0,0,0,0,0,4,0,1,0,0,0,0,0,0,0,0,0,0,0,0,0,0,0,0,0,0,0,0,0,0
근로복지공단 정선병원,병원,1,0,0,0,0,0,0,1,0,0,1,0,0,0,0,1,0,0,0,0,0,0,1,0,1,0,0,0,0,0,0,0,0,0,0,0,0,0,0,0,0,0,0,0,0
정선군립병원,병원,1,0,0,1,1,0,0,0,0,1,1,0,0,0,0,0,0,0,0,0,0,0,0,0,0,0,0,0,0,0,0,0,0,0,0,0,0,0,0,0,0,0,0,0,0
춘천시노인전문병원,요양병원,0,1,0,0,0,0,0,0,0,0,0,0,0,0,0,0,0,0,0,0,1,0,1,0,0,0,0,0,0,0,0,0,0,0,0,0,0,0,0,0,0,0,0,0,0
강원특별자치도립 강릉요양병원,요양병원,0,1,0,0,0,0,0,0,0,1,0,0,0,0,0,0,0,0,0,0,0,0,0,0,0,0,0,0,0,0,0,0,0,0,0,0,0,0,0,0,0,0,0,0,0
근로복지공단 태백요양병원,요양병원,0,0,0,0,0,1,0,0,0,2,0,0,0,0,0,0,0,0,0,0,0,0,1,0,0,0,0,0,0,0,0,0,0,0,0,0,0,0,0,0,0,0,0,0,0
국립춘천병원,정신병원,0,0,2,0,0,0,1,0,0,0,1,0,0,0,0,1,0,0,0,0,0,0,0,0,0,0,0,0,0,0,0,0,0,0,0,0,0,0,0,0,0,0,0,0,0
강릉원주대학교치과병원,치과병원,0,0,0,0,0,0,0,0,1,0,0,0,0,0,0,0,0,0,0,0,0,0,0,0,0,0,6,4,3,2,4,4,3,3,1,3,1,0,0,0,0,0,0,0,0
충청북도 청주의료원,종합병원,7,0,3,3,3,3,0,0,2,2,1,1,1,0,1,2,0,0,1,0,2,0,4,1,4,0,0,0,0,0,0,0,0,0,0,0,1,0,0,0,0,0,0,0,0
충청북도 충주의료원,종합병원,6,2,0,4,3,1,0,0,2,1,1,0,0,0,3,2,0,0,1,0,1,0,3,2,2,0,0,0,0,0,0,0,0,0,0,0,0,0,0,0,0,0,0,0,0
충북대학교병원,상급종합병원,50,8,8,14,10,8,7,2,10,6,20,4,7,2,5,9,3,4,4,0,2,2,3,6,2,1,2,2,0,0,0,0,0,0,0,0,0,0,0,0,0,0,0,0,0
공군항공우주의료원,병원,3,0,0,0,1,1,0,0,0,1,0,3,1,1,0,0,0,0,1,0,0,0,1,1,0,0,1,1,0,0,0,0,0,0,1,0,0,0,0,0,0,0,0,0,0
충주위담통합병원,병원,1,0,0,0,0,0,0,0,0,0,0,0,0,0,0,0,0,0,0,0,0,0,1,0,0,0,0,0,0,0,0,0,0,0,0,0,0,1,0,0,0,0,0,0,0
충주시노인전문병원,요양병원,0,1,0,1,1,1,0,0,0,1,0,0,0,0,0,0,0,0,0,0,1,0,0,0,0,0,0,0,0,0,0,0,0,0,0,0,0,1,0,0,0,0,0,0,0
충북도립노인전문병원,요양병원,1,0,0,0,0,0,1,0,0,1,0,0,0,0,0,0,0,0,0,0,0,0,0,0,0,0,0,0,0,0,0,0,0,0,0,0,0,0,0,0,0,0,0,1,0
단양군립노인요양병원,요양병원,0,0,0,0,0,0,0,0,0,0,0,0,0,0,0,0,0,0,0,0,0,0,1,0,0,0,0,0,0,0,0,0,0,0,0,0,0,0,0,0,0,0,0,0,0
청풍호노인사랑병원,요양병원,0,0,0,0,0,1,0,0,0,2,0,0,0,0,0,0,0,0,0,0,0,0,0,0,0,0,0,0,0,0,0,0,0,0,0,0,0,0,0,0,0,0,0,0,0
영동군립노인전문병원,요양병원,0,0,0,0,0,0,0,0,0,0,0,0,0,0,0,0,0,0,0,0,0,0,2,0,0,0,0,0,0,0,0,0,0,0,0,0,0,0,0,0,0,0,0,0,0
청주시립요양병원,요양병원,1,0,0,0,0,0,0,0,0,0,1,0,0,0,0,0,0,0,0,0,1,0,1,0,0,0,0,0,0,0,0,0,0,0,0,0,0,0,0,0,0,0,0,0,0
충청북도청주의료원부설한의원,한의원,0,0,0,0,0,0,0,0,0,0,0,0,0,0,0,0,0,0,0,0,0,0,0,0,0,0,0,0,0,0,0,0,0,0,0,0,0,0,0,0,0,0,0,0,0
충남대학교병원,상급종합병원,68,13,8,18,10,10,10,5,15,9,25,7,6,4,7,12,4,6,5,0,6,2,5,10,0,1,2,1,0,0,0,0,0,0,0,0,0,0,0,0,0,0,0,0,0
충청남도 홍성의료원,종합병원,7,2,3,3,3,2,0,1,3,3,4,1,1,1,2,2,0,0,1,0,1,0,3,9,2,0,0,0,0,0,0,0,0,0,0,0,1,0,0,0,0,0,0,0,0
충청남도 공주의료원,종합병원,6,1,0,3,2,0,2,0,2,1,2,0,0,0,1,2,0,0,1,0,1,0,0,0,0,0,0,0,0,0,0,0,0,0,0,0,0,0,0,0,0,0,0,0,0
충청남도 천안의료원,종합병원,7,2,0,2,2,0,1,0,1,1,0,0,1,0,1,1,0,0,1,0,1,0,1,4,1,0,0,0,0,0,0,0,0,0,0,0,1,0,0,0,0,0,0,0,0
충청남도 서산의료원,종합병원,6,1,0,3,3,1,1,0,2,1,1,1,0,0,1,3,0,0,1,0,1,0,3,7,0,0,0,0,0,0,0,0,0,0,0,0,0,0,0,0,0,0,0,0,0
대전보훈병원,종합병원,9,3,1,2,3,2,0,0,3,1,1,1,1,1,3,2,0,0,1,0,1,0,4,0,0,0,0,0,0,0,2,0,0,0,0,0,0,0,0,0,0,0,0,0,0
근로복지공단 대전병원,종합병원,3,1,0,1,3,1,0,0,1,1,0,0,1,0,0,1,0,0,1,0,4,0,2,1,5,0,0,0,0,0,0,0,0,0,0,0,0,0,0,0,0,0,0,0,0
세종충남대학교병원,종합병원,31,3,3,6,6,3,2,3,8,6,18,4,5,2,3,3,2,2,2,0,3,1,5,8,0,1,1,1,0,0,0,0,0,0,0,0,0,0,0,0,0,0,0,0,0
국군대전병원,병원,5,1,3,5,5,1,1,0,3,0,0,1,4,2,1,3,0,0,0,0,1,0,0,4,0,0,0,0,0,0,0,0,0,0,0,0,0,0,0,0,0,0,0,0,0
대전세종충남·넥슨후원 공공어린이재활병원,병원,0,0,0,0,0,0,0,0,0,0,2,0,0,0,0,0,0,0,0,0,2,0,0,0,0,0,0,0,0,1,0,0,0,0,0,0,0,0,0,0,0,0,0,0,0
국립공주병원,정신병원,0,0,5,0,0,0,0,0,0,0,0,0,0,0,0,0,0,0,0,0,0,0,1,0,0,0,0,0,0,0,0,0,0,0,0,0,0,0,0,0,0,0,0,0,0
대전광역시립제1노인전문병원,요양병원,0,1,0,0,1,1,0,0,0,0,0,0,0,0,0,0,0,0,0,0,0,0,2,0,0,0,0,0,0,0,0,0,0,0,0,0,0,0,0,0,0,0,0,0,0
논산시립노인전문병원,요양병원,0,2,0,0,0,0,0,0,0,0,0,0,0,0,0,0,0,0,0,0,1,0,1,0,0,0,0,0,0,0,0,0,0,0,0,0,0,0,0,0,0,0,0,0,0
서천군립노인요양병원,요양병원,0,1,0,1,0,0,0,0,0,0,0,0,0,0,0,0,0,0,0,0,0,0,1,0,0,0,0,0,0,0,0,0,0,0,0,0,0,0,0,0,0,0,0,0,0
보령시립노인전문병원,요양병원,0,0,0,0,0,0,0,0,0,0,0,0,0,0,1,0,0,0,0,0,0,0,1,0,0,0,0,0,0,0,0,0,0,0,0,0,0,0,0,0,0,0,0,0,0
대전광역시립제2노인전문병원,요양병원,1,0,0,0,0,0,0,0,0,0,1,0,0,0,0,0,0,0,0,0,0,0,0,0,0,0,0,0,0,0,0,0,0,0,0,0,0,0,0,0,0,0,0,0,0
천안시립노인전문병원,요양병원,0,1,0,1,0,0,1,0,0,0,0,0,0,0,0,0,0,0,0,0,0,0,0,0,0,0,0,0,0,0,0,0,0,0,0,0,0,0,0,0,0,0,0,0,0
국립법무병원,정신병원,0,0,0,0,0,0,0,0,0,1,0,0,0,0,0,0,0,0,0,0,0,0,0,0,0,0,0,0,0,0,0,0,0,0,0,0,0,0,0,0,0,0,0,0,0
대전광역시온마음병원,정신병원,0,0,4,0,0,0,0,0,0,0,0,0,0,0,0,0,0,0,0,0,0,0,0,0,0,0,0,0,0,0,0,0,0,0,0,0,0,0,0,0,0,0,0,0,0
전북대학교병원,상급종합병원,64,10,6,16,14,6,4,4,12,9,19,8,5,4,5,18,3,8,5,0,7,4,0,7,0,4,3,0,0,0,0,0,0,0,0,0,0,0,0,0,0,0,0,0,0
전북특별자치도 남원의료원,종합병원,6,1,0,2,2,1,1,0,2,2,1,0,0,0,1,2,0,1,0,0,1,0,4,5,0,0,0,0,0,0,0,0,0,0,0,0,0,0,0,0,0,0,0,0,0
전북특별자치도 군산의료원,종합병원,6,3,1,2,4,2,1,0,3,2,2,1,1,0,1,3,0,1,0,0,1,0,1,8,1,0,0,0,0,0,0,0,0,0,0,0,0,1,0,0,0,0,0,0,0
진안군의료원,병원,1,1,0,3,1,0,0,1,2,1,2,0,0,0,0,1,0,0,0,0,0,0,0,0,0,0,0,0,0,0,0,0,0,0,0,0,0,0,0,0,0,0,0,0,0
전주시립요양병원,요양병원,0,0,1,0,0,0,0,0,0,0,0,0,0,0,0,0,0,0,0,0,1,0,1,0,0,0,0,0,0,0,0,0,0,0,0,0,0,0,0,0,0,0,0,0,0
정읍시립요양병원,요양병원,0,0,1,0,0,0,0,0,0,1,0,0,0,0,0,0,0,0,0,0,1,0,0,0,0,0,0,0,0,0,0,0,0,0,0,0,0,0,0,0,0,0,0,0,0
완주군아름다운노인전문병원,요양병원,0,0,1,0,0,0,0,0,0,0,0,0,0,0,0,0,0,0,0,0,0,0,0,0,0,0,0,0,0,0,0,0,0,0,0,0,0,1,0,0,0,0,0,0,0
부안군노인요양병원,요양병원,0,0,0,0,0,1,0,0,0,0,0,0,0,0,0,0,0,0,0,0,0,0,1,0,0,0,0,0,0,0,0,0,0,0,0,0,0,0,0,0,0,0,0,0,0
전북특별자치도 고창노인요양병원,요양병원,0,0,0,0,0,0,0,0,0,0,0,0,0,0,0,0,0,0,0,0,1,0,2,0,0,0,0,0,0,0,0,0,0,0,0,0,0,0,0,0,0,0,0,0,0
전북특별자치도 남원노인요양병원,요양병원,0,0,0,1,0,0,0,0,0,0,0,0,0,0,0,0,0,0,0,0,1,0,2,0,0,0,0,0,0,0,0,0,0,0,0,0,0,0,0,0,0,0,0,0,0
전북특별자치도마음사랑병원,정신병원,0,0,10,0,0,0,0,0,0,0,1,0,0,0,0,0,0,0,0,0,0,0,1,0,0,0,0,0,0,0,0,0,0,0,0,0,0,0,0,0,0,0,0,0,0
전북대학교치과병원,치과병원,0,0,0,0,0,0,0,0,0,0,0,0,0,0,0,0,0,0,0,0,0,0,0,0,0,0,1,6,3,3,4,4,5,3,0,0,0,0,0,0,0,0,0,0,0
전남대학교병원,상급종합병원,74,14,9,21,13,11,4,6,9,8,17,11,8,4,5,12,1,7,6,0,4,4,1,16,0,2,7,0,0,0,0,0,0,0,1,0,0,0,0,0,0,0,0,0,0
광주보훈병원,종합병원,11,3,1,3,4,2,0,0,2,2,3,2,2,1,4,4,0,1,1,0,4,1,3,3,0,0,0,3,0,0,3,0,1,0,0,0,0,0,0,0,0,0,0,0,0
목포시의료원,종합병원,4,0,1,1,2,0,2,0,3,1,0,0,0,0,2,1,0,0,1,0,2,0,1,0,0,0,0,0,0,0,0,0,0,0,0,0,0,0,0,0,0,0,0,0,0
화순전남대학교병원,상급종합병원,50,0,2,20,5,7,3,0,7,4,4,0,6,0,5,7,4,5,4,0,1,5,3,4,2,1,0,0,0,0,1,0,1,0,0,0,0,0,0,0,0,0,0,0,0
근로복지공단 순천병원,종합병원,2,0,1,1,2,1,0,0,1,1,0,0,0,0,0,2,0,0,1,0,2,0,1,0,4,1,0,0,0,0,0,0,0,0,0,0,0,0,0,0,0,0,0,0,0
빛고을전남대학교병원,종합병원,13,0,0,1,2,0,0,0,1,1,0,0,0,0,0,1,0,0,1,0,0,0,0,0,0,2,0,0,0,0,0,0,0,0,0,0,0,0,0,0,0,0,0,0,0
전라남도 순천의료원,종합병원,2,0,1,2,1,1,1,0,1,0,0,1,0,0,1,1,0,0,1,1,1,0,1,0,0,0,0,0,0,0,0,0,0,0,0,0,0,0,0,0,0,0,0,0,0
국립나주병원,정신병원,0,0,10,0,0,0,0,0,0,0,0,0,0,0,0,0,0,0,0,0,0,0,0,0,0,0,0,0,0,0,0,0,0,0,0,0,0,0,0,0,0,0,0,0,0
국립목포병원,병원,0,0,0,0,0,0,1,0,2,0,1,0,0,0,0,1,0,0,0,2,0,0,0,0,0,0,0,0,0,0,0,0,0,0,0,0,0,0,0,0,0,0,0,0,0
전라남도 강진의료원,병원,2,0,0,1,2,0,0,0,2,3,1,1,1,0,0,1,0,0,0,0,0,0,1,0,0,0,0,0,0,0,0,0,0,0,0,0,0,0,0,0,0,0,0,0,0
국립소록도병원,병원,0,0,0,0,0,0,0,1,1,0,0,1,0,0,0,0,0,1,0,0,1,0,0,0,0,0,0,0,0,0,0,0,0,0,0,0,0,0,0,0,0,0,0,0,0
국군함평병원,병원,1,0,1,1,1,2,0,0,0,0,0,0,1,0,0,2,0,0,0,0,0,0,0,0,0,0,0,0,0,0,0,0,0,0,0,0,0,0,0,0,0,0,0,0,0
호남권역재활병원,병원,0,0,0,0,0,0,0,0,0,0,1,0,0,0,0,0,0,0,0,0,4,0,0,0,0,0,0,0,0,0,0,0,0,0,0,0,0,0,0,0,0,0,0,0,0
장흥통합의료병원,병원,0,0,0,0,0,0,0,0,0,0,0,0,0,0,0,0,0,0,0,0,1,0,0,0,0,0,0,0,0,0,0,0,0,0,0,0,0,1,0,0,0,1,0,0,0
영광군공립요양병원,요양병원,0,0,0,0,0,0,0,0,0,1,0,0,0,0,0,0,0,0,0,0,0,0,2,0,0,0,0,0,0,0,0,0,0,0,0,0,0,0,0,0,0,0,0,0,0
공립무안군노인전문요양병원,요양병원,0,0,0,0,0,0,0,0,2,0,0,0,0,0,0,0,0,0,0,0,0,0,0,0,0,0,0,0,0,0,0,0,0,0,0,0,0,0,0,0,0,0,0,0,0
진도군노인전문요양병원,요양병원,0,0,0,0,0,0,0,0,0,0,0,0,0,0,0,0,0,0,0,0,0,0,0,0,0,0,0,0,0,0,0,0,0,0,0,0,0,0,0,0,0,0,0,0,0
보성군립요양병원,요양병원,1,0,0,0,0,0,0,0,1,0,0,0,0,0,0,0,0,0,0,0,0,0,0,0,0,0,0,0,0,0,0,0,0,0,0,0,0,0,0,0,0,0,0,0,0
고흥군공립노인전문요양병원,요양병원,0,0,0,0,0,0,0,0,0,1,0,0,0,0,0,0,0,0,0,0,0,0,0,0,0,0,0,0,0,0,0,0,0,0,0,0,0,0,0,0,0,0,0,0,0
여수시립요양병원,요양병원,0,0,0,0,0,0,0,0,0,0,0,0,0,0,0,0,0,0,0,0,0,0,2,0,0,0,0,0,0,0,0,0,0,0,0,0,0,0,0,0,0,0,0,0,0
광양시공립노인전문요양병원,요양병원,0,1,0,0,0,0,0,0,0,0,0,0,0,0,0,0,0,0,0,0,0,0,1,0,0,0,0,0,0,0,0,0,0,0,0,0,0,1,0,0,0,0,0,0,0
화순군립요양병원,요양병원,0,0,0,1,0,0,0,0,1,0,0,0,0,0,0,0,0,0,0,0,1,0,0,0,0,0,0,0,0,0,0,0,0,0,0,0,0,0,0,0,0,0,0,0,0
신안군공립요양병원,요양병원,0,0,0,0,0,0,0,0,0,1,0,0,0,0,0,0,0,0,0,0,0,0,1,0,0,0,0,0,0,0,0,0,0,0,0,0,0,0,0,0,0,0,0,0,0
함평군공립요양병원,요양병원,0,0,0,0,0,0,0,0,1,1,0,0,0,0,0,0,0,0,0,0,0,0,1,0,0,0,0,0,0,0,0,0,0,0,0,0,0,0,0,0,0,0,0,0,0
광주보훈요양병원,요양병원,0,0,0,1,0,0,0,0,1,0,1,0,0,0,0,0,0,0,0,0,0,0,0,0,0,0,0,0,0,0,0,0,0,0,0,0,0,0,0,0,0,0,0,0,0
광주시립요양병원,요양병원,0,1,0,0,0,0,0,0,0,0,0,0,0,0,0,0,0,0,0,0,0,0,2,0,0,0,0,0,0,0,0,0,0,0,0,0,0,0,0,0,0,0,0,0,0
곡성군립노인전문요양병원,요양병원,1,0,0,0,0,0,0,0,0,0,0,0,1,0,0,0,0,0,0,0,0,0,0,0,0,0,0,0,0,0,0,0,0,0,0,0,0,0,0,0,0,0,0,0,0
장성공립노인전문요양병원,요양병원,1,0,0,0,0,0,0,0,0,0,1,0,0,0,0,0,0,0,0,0,0,0,0,0,0,0,0,0,0,0,0,0,0,0,0,0,0,0,0,0,0,0,0,0,0
광주시립정신병원,정신병원,0,0,3,0,0,0,0,0,0,0,0,0,0,0,0,0,0,0,0,0,0,0,0,0,0,0,0,0,0,0,0,0,0,0,0,0,0,0,0,0,0,0,0,0,0
근로복지공단 광주의원,의원,0,0,0,0,1,0,0,0,0,0,0,0,1,0,0,0,0,0,0,0,1,0,0,0,1,0,0,0,0,0,0,0,0,0,0,0,0,0,0,0,0,0,0,0,0
전남대학교치과병원,치과병원,0,0,0,0,0,0,0,0,0,0,0,0,0,0,0,0,0,0,0,0,0,0,0,0,0,0,0,5,3,2,3,5,4,2,0,0,0,0,0,0,0,0,0,0,0
경북대학교병원,상급종합병원,60,8,6,16,9,9,8,3,9,8,11,8,6,4,4,9,3,6,5,0,3,3,4,8,0,3,0,0,0,0,1,0,0,0,0,0,0,0,0,0,0,0,0,0,0
경상북도포항의료원,종합병원,3,0,2,1,2,0,0,0,1,1,1,1,1,0,1,1,0,0,1,0,1,0,1,3,0,0,0,0,0,0,0,0,0,0,0,0,0,0,0,0,0,0,0,0,0
대구의료원,종합병원,9,2,2,5,1,1,1,0,2,2,2,1,1,1,1,2,0,0,1,0,0,0,5,0,0,0,0,0,0,0,0,0,0,0,0,0,0,0,0,0,0,0,0,0,0
한국보훈복지의료공단 대구보훈병원,종합병원,10,2,1,3,4,3,1,0,2,1,1,3,3,2,2,3,0,0,1,0,2,0,4,0,0,0,3,0,0,0,0,0,1,0,0,0,2,0,0,0,0,0,0,0,0
경상북도안동의료원,종합병원,4,1,0,1,2,1,0,1,3,3,1,1,1,1,1,2,0,1,0,0,1,0,2,1,0,0,0,0,0,0,0,0,0,0,0,0,0,0,0,0,0,0,0,0,0
경상북도김천의료원,종합병원,6,1,1,1,3,2,1,0,2,2,2,1,1,0,2,2,0,0,1,0,1,0,2,5,1,0,0,0,0,0,0,0,0,0,0,0,0,0,0,0,0,0,0,0,0
상주적십자병원,종합병원,2,1,0,3,2,1,0,0,1,2,1,0,0,0,1,1,0,0,1,0,0,0,2,1,1,0,0,0,0,0,0,0,0,0,0,0,0,0,0,0,0,0,0,0,0
칠곡경북대학교병원,상급종합병원,45,8,4,25,4,4,3,4,11,9,23,5,5,1,5,11,5,6,4,0,1,3,4,7,0,1,2,0,0,0,0,0,0,0,0,0,0,0,0,0,0,0,0,0,0
영주적십자병원,종합병원,4,1,0,1,2,1,0,0,1,0,1,0,0,0,1,1,1,0,1,0,0,0,2,4,0,0,0,0,0,0,0,0,0,0,0,0,0,0,0,0,0,0,0,0,0
국군대구병원,병원,2,0,1,1,3,2,0,0,0,0,0,1,1,1,0,1,0,0,0,0,0,0,0,0,0,0,2,1,0,0,0,0,0,0,0,0,0,0,0,0,0,0,0,0,0
해군포항병원,병원,1,1,1,3,3,0,0,0,4,0,0,2,0,1,1,0,0,0,0,0,0,0,1,6,0,0,1,1,0,0,0,1,0,0,0,0,1,0,0,0,0,0,0,0,0
울진군의료원,병원,3,1,0,3,2,0,0,0,2,3,1,0,1,0,0,2,0,0,0,0,0,0,1,2,1,0,0,0,0,0,0,0,0,0,0,0,0,0,0,0,0,0,0,0,0
근로복지공단 대구병원,병원,1,0,0,0,1,1,0,0,0,0,0,0,1,0,0,1,0,0,0,0,3,0,0,0,3,0,0,0,0,0,0,0,0,0,0,0,0,0,0,0,0,0,0,0,0
경북권역재활병원,병원,1,1,0,0,0,0,0,0,0,0,0,0,0,0,0,1,0,0,0,0,4,0,0,0,0,0,0,0,0,0,0,0,0,0,0,0,0,0,0,0,0,0,0,0,0
경상북도립안동노인전문요양병원,요양병원,2,1,0,0,0,1,1,0,0,0,0,0,0,0,0,0,0,0,0,0,1,0,1,0,0,0,0,0,0,0,0,0,0,0,0,0,0,0,0,0,0,0,0,0,0
경상북도립경산노인전문요양병원,요양병원,1,1,0,0,0,0,0,0,0,0,0,0,0,0,0,0,0,0,0,0,1,0,2,0,0,0,0,0,0,0,0,0,0,0,0,0,0,0,0,0,0,0,0,0,0
대구광역시시지노인전문병원,요양병원,1,2,0,0,0,0,0,0,0,0,0,0,0,0,0,0,0,0,0,0,1,0,1,0,0,0,0,0,0,0,0,0,0,0,0,0,0,0,0,1,0,0,0,0,0
고령군립요양병원,요양병원,0,0,0,0,0,0,0,0,2,0,0,0,0,0,0,0,0,0,0,0,0,0,0,0,0,0,0,0,0,0,0,0,0,0,0,0,0,0,0,0,0,0,0,0,0
군립청도노인요양병원,요양병원,0,0,0,0,0,0,0,0,0,0,0,0,0,0,0,0,0,0,0,0,0,0,1,0,0,0,0,0,0,0,0,0,0,0,0,0,0,0,0,0,0,0,0,0,0
봉화군립노인전문요양병원,요양병원,1,1,0,0,0,0,0,0,0,0,0,0,0,0,0,0,0,0,0,0,0,0,0,0,0,0,0,0,0,0,0,0,0,0,0,0,0,0,0,0,0,0,0,0,0
경상북도립김천노인전문요양병원,요양병원,0,0,0,0,0,1,0,0,0,1,0,0,0,0,0,0,0,0,0,0,1,0,1,0,0,0,0,0,0,0,0,0,0,0,0,0,0,0,0,0,0,0,0,0,0
경상북도포항노인전문요양병원,요양병원,0,1,0,0,0,0,0,0,0,1,0,0,0,0,0,0,0,0,0,0,0,0,2,0,0,0,0,0,0,0,0,0,0,0,0,0,0,0,0,0,0,0,0,0,0
대구광역시서부노인전문병원,요양병원,1,0,0,2,0,1,0,0,0,0,0,0,0,0,0,0,0,0,0,0,0,0,0,0,0,0,0,0,0,0,0,0,0,0,0,0,0,0,0,0,0,0,0,0,0
구미시립노인요양병원,요양병원,2,0,0,1,0,0,0,0,0,0,0,0,0,0,0,0,0,0,0,0,1,0,1,0,0,0,0,0,0,0,0,0,0,0,0,0,0,0,0,0,0,0,0,0,0
경주시립노인전문요양병원,요양병원,0,0,0,0,0,2,0,0,0,0,0,0,0,0,0,0,0,0,0,0,1,0,0,0,0,0,0,0,0,0,0,0,0,0,0,0,0,0,0,0,0,0,0,0,0
영주시립노인전문요양병원,요양병원,2,0,0,0,0,1,0,0,0,0,0,0,0,0,0,0,0,0,0,0,0,0,1,0,0,0,0,0,0,0,0,0,0,0,0,0,0,0,0,0,0,0,0,0,0
칠곡군립노인요양병원,요양병원,0,0,0,0,1,0,0,0,0,0,0,0,0,0,0,0,0,0,0,0,0,0,1,0,0,0,0,0,0,0,0,0,0,0,0,0,0,0,0,0,0,0,0,0,0
상주시립요양병원,요양병원,0,0,0,0,0,1,2,0,0,0,0,0,0,0,0,0,0,0,0,0,0,0,0,0,0,0,0,0,0,0,0,0,0,0,0,0,0,0,0,0,0,0,0,0,0
울진군의료원요양병원,요양병원,0,0,0,0,0,1,1,0,0,0,0,0,0,0,0,0,0,0,0,0,0,0,0,0,0,0,0,0,0,0,0,0,0,0,0,0,0,0,0,0,0,0,0,0,0
의성군공립요양병원,요양병원,0,0,0,1,0,0,0,0,0,1,0,0,0,0,1,0,0,0,0,0,0,0,0,0,0,0,0,0,0,0,0,0,0,0,0,0,0,0,0,0,0,0,0,0,0
시립문경요양병원,요양병원,1,0,0,2,0,0,0,0,0,0,0,0,0,0,0,0,0,0,0,0,0,0,1,0,0,0,0,0,0,0,0,0,0,0,0,0,0,0,0,0,0,0,0,0,0
대구정신병원,정신병원,0,0,6,0,0,0,0,0,0,0,0,0,0,0,0,0,0,0,0,0,0,0,0,0,0,0,0,0,0,0,0,0,0,0,0,0,0,0,0,0,0,0,0,0,0
경북대학교치과병원,치과병원,0,0,0,0,0,0,0,0,1,0,0,0,0,0,0,0,0,0,0,0,0,0,0,0,0,0,5,5,4,1,4,4,3,3,0,0,1,0,0,0,0,0,0,0,0
경산동의한방촌 한의원,한의원,0,0,0,0,0,0,0,0,0,0,0,0,0,0,0,0,0,0,0,0,0,0,0,0,0,0,0,0,0,0,0,0,0,0,0,0,0,0,0,0,0,0,0,0,0
경상남도마산의료원,종합병원,4,2,1,1,2,1,0,0,1,1,1,0,1,0,0,1,0,0,1,0,0,0,0,5,0,0,0,0,0,0,0,0,0,0,0,0,0,0,0,0,0,0,0,0,0
경상국립대학교병원,상급종합병원,50,9,5,11,6,5,9,3,7,5,8,5,6,2,6,11,2,5,4,0,4,1,1,10,0,3,1,0,0,0,0,0,0,0,0,0,1,0,0,0,0,0,0,0,0
양산부산대학교병원,상급종합병원,68,12,5,19,7,10,12,3,19,9,35,7,10,3,7,15,2,9,6,0,7,1,9,8,4,1,1,0,0,0,0,0,0,0,0,0,0,0,0,0,0,0,0,0,0
근로복지공단 창원병원,종합병원,2,1,0,1,4,1,0,0,1,3,0,0,1,0,0,1,0,1,0,0,3,0,0,0,6,0,0,0,0,0,0,0,0,0,0,0,0,0,0,0,0,0,0,0,0
창원경상국립대학교병원,종합병원,33,6,4,9,5,4,6,1,9,4,10,4,6,2,3,8,2,3,1,0,3,1,0,8,2,1,2,1,0,0,0,0,0,0,0,0,0,0,0,0,0,0,0,0,0
국립마산병원,병원,0,0,0,1,0,0,2,0,0,0,0,0,0,0,0,1,1,0,0,3,0,0,0,0,0,0,0,0,0,0,0,0,0,0,0,0,0,0,0,0,0,0,0,0,0
통영적십자병원,병원,2,0,0,0,1,1,0,0,1,0,0,0,0,1,0,1,0,0,0,0,0,0,0,0,0,0,0,0,0,0,0,0,0,0,0,0,0,0,0,0,0,0,0,0,0
거창적십자병원,병원,3,0,0,2,1,0,0,0,2,1,2,0,0,0,0,1,0,0,0,0,0,0,0,0,1,0,0,0,0,0,0,0,0,0,0,0,0,0,0,0,0,0,0,0,0
해군해양의료원,병원,4,1,1,0,2,3,0,0,1,0,0,1,0,0,0,3,0,0,0,0,0,0,0,5,1,0,1,2,0,0,0,0,0,0,0,0,0,0,0,0,0,0,0,0,0
시립창원요양병원,요양병원,0,0,0,2,0,0,0,0,0,0,0,0,0,0,1,0,0,0,0,0,0,0,0,0,0,0,0,0,0,0,0,0,0,0,0,0,0,0,0,0,0,0,0,0,0
(의)환명의료재단 경상남도립김해노인전문병원,요양병원,0,0,0,1,0,0,0,0,0,0,0,0,0,0,0,1,0,0,0,0,0,0,2,0,0,0,0,0,0,0,0,0,0,0,0,0,0,0,0,0,0,0,0,0,0
경상남도립양산노인전문병원,요양병원,0,0,0,0,0,0,0,0,0,0,0,0,0,0,0,0,0,0,0,0,0,0,3,0,0,0,0,0,0,0,0,0,0,0,0,0,0,0,0,0,0,0,0,0,0
거창군립 노인요양병원,요양병원,0,0,0,0,0,0,0,0,0,1,0,0,0,0,1,0,0,0,0,0,0,0,0,0,0,0,0,0,0,0,0,0,0,0,0,0,0,0,0,0,0,0,0,0,0
의료법인진주의료재단 경상남도립통영노인전문병원,요양병원,0,1,0,2,0,1,0,0,0,0,1,0,0,0,0,0,0,0,0,0,0,0,0,0,0,0,0,0,0,0,0,0,0,0,0,0,0,0,0,0,0,0,0,0,0
남해군립노인전문병원,요양병원,0,0,0,0,0,0,0,0,0,1,0,0,0,0,0,0,0,0,0,0,0,0,0,0,0,0,0,0,0,0,0,0,0,0,0,0,0,0,0,0,0,0,0,0,0
의료법인 행복한의료재단 경남도립사천노인전문병원,요양병원,1,1,0,1,0,0,0,0,0,0,0,0,0,0,1,0,0,0,0,0,0,0,0,0,0,0,0,0,0,0,0,0,0,0,0,0,0,0,0,0,0,0,0,0,0
시립마산요양병원,요양병원,0,1,0,0,0,0,0,0,0,0,1,0,0,0,0,0,0,0,0,0,1,0,2,0,0,0,0,0,0,0,0,0,0,0,0,0,0,0,0,0,0,0,0,0,0
울산광역시립노인병원,요양병원,1,0,1,0,0,0,0,0,0,0,0,0,0,0,0,0,0,0,0,0,0,0,0,0,0,0,0,0,0,0,0,0,0,0,0,0,0,0,0,0,0,0,0,0,0
의령군립노인전문병원,요양병원,1,1,0,0,0,0,0,0,0,0,0,0,0,0,0,0,0,0,0,0,0,0,0,0,0,0,0,0,0,0,0,0,0,0,0,0,0,0,0,0,0,0,0,0,0
국립부곡병원,정신병원,0,0,2,0,0,0,0,0,0,0,1,0,0,0,0,0,0,0,0,0,0,0,0,0,0,0,0,0,0,0,0,0,0,0,0,0,0,0,0,0,0,0,0,0,0
의료법인 행복한의료재단 경남도립정신병원,정신병원,0,0,1,0,0,0,0,0,0,0,0,0,0,0,0,0,0,0,0,0,0,0,0,0,0,0,0,0,0,0,0,0,0,0,0,0,0,0,0,0,0,0,0,0,0
양산부산대학교치과병원,치과병원,0,0,0,0,0,0,0,0,3,0,0,0,0,0,0,0,0,0,0,0,0,0,0,0,0,0,7,5,5,4,3,5,4,3,0,0,1,0,0,0,0,0,0,0,0
양산부산대학교한방병원,한방병원,0,0,0,0,0,0,0,0,0,0,0,0,0,0,0,0,0,0,0,0,0,0,0,0,0,0,0,0,0,0,0,0,0,0,0,0,0,7,2,2,3,2,4,4,2
제주특별자치도 서귀포의료원,종합병원,8,2,1,4,4,3,1,0,3,3,2,1,1,0,1,3,0,0,1,0,1,0,1,6,0,0,0,0,0,0,0,0,0,0,0,0,0,0,0,0,0,0,0,0,0
제주대학교병원,종합병원,37,9,7,11,7,5,2,1,9,6,10,5,5,2,4,12,3,4,2,0,3,2,5,10,1,3,2,0,0,0,0,0,0,0,0,0,0,0,0,0,0,0,0,0,0
제주특별자치도제주의료원,병원,2,1,1,0,1,0,0,0,0,0,1,0,0,0,0,1,0,0,0,0,2,0,0,0,0,0,0,0,0,0,0,0,0,0,0,0,0,0,0,0,0,0,0,0,0
제주권역재활병원,병원,0,0,0,0,1,0,0,0,0,0,0,0,0,0,0,0,0,0,0,0,4,0,0,0,0,0,0,0,0,0,0,0,0,0,0,0,0,0,0,0,0,0,0,0,0
제주의료원부속요양병원,요양병원,1,1,0,0,1,0,0,0,0,0,0,0,0,0,0,0,0,0,0,0,1,0,1,0,0,0,0,0,0,0,0,0,0,0,0,0,0,0,0,0,0,0,0,0,0
성남시노인보건센터의원,의원,0,0,0,0,0,0,0,0,0,0,0,0,0,0,0,0,0,0,0,0,0,0,0,0,0,0,0,0,0,0,0,0,0,0,0,0,0,0,0,0,0,0,0,0,0
경기도립 안성휴게소의원,의원,0,0,0,0,0,0,0,0,0,1,0,0,0,0,0,0,0,0,0,0,0,0,0,0,0,0,0,0,0,0,0,0,0,0,0,0,0,0,0,0,0,0,0,0,0
